,Customer,Building,BuildingType,Area,BuildingYear,Electricity2019,Electricity2020,Heating2019,Heating2020,Energy2019,Energy2020,EnergyperArea2019
194,Tropikfåglarna,Hussvala,Flerbostadshus,123,null,735.4308943,554.1885422,6093.178085,5860.731707,6828.608979,6414.92025,55.51714617
231,Trappfåglarna,Gråhalsad Trast,Flerbostadshus,126,1985,344.9278572,355.5573016,484.2063492,429.4761905,829.1342064,785.0334921,6.58043021
41,Trädhönsen,Bergfink,Kontor,239,1922,56.64078598,57.38912134,152.6317992,141.2133891,209.2725851,198.6025105,0.8756175111
193,Tropikfåglarna,Rostskogstrast,Flerbostadshus,1234,null,77.78768233,76.91061021,983.2997798,931.2155592,1061.087462,1008.126169,0.8598763875
237,Trappfåglarna,Kopparand,Flerbostadshus,1056,null,6.393409089,6.826619318,655.2935606,683.3778409,661.6869697,690.2044602,0.6265975092
235,Trappfåglarna,Vandringstrast,Flerbostadshus,1182,null,5.399923008,5.627910321,670.6683587,714.4187817,676.0682817,720.046692,0.5719697815
37,Trädhönsen,Medelhavsstenskvätta,Kontor,420,1922,51.60265937,75.68809524,106.0619048,103.5071429,157.6645641,179.1952381,0.3753918194
163,Simrallarna,Vitgumpad/Stejnegers Buskskvätta,Kontor,324,2012,41.80661728,46.39154012,75.83480392,72.86598965,117.6414212,119.2575298,0.3630908062
165,Simrallarna,Orientvadarsvala,Kontor,319,1927,1.578934169,1.780376176,113.28483,124.1579533,114.8637642,125.9383295,0.360074496
346,Simrallarna,Häcksparv,Flerbostadshus,564,1950,0.0005265957447,0.0004432624113,196.2367369,241.7627736,196.2372635,241.7632168,0.3479384104
356,Simrallarna,Videsångare,Flerbostadshus,380,1945,6.0993421,6.937,123.9592828,115.619103,130.0586249,122.556103,0.3422595391
222,Trappfåglarna,Vitögd Dykand,Flerbostadshus,1448,1960,11.18566644,14.45901174,463.7361878,383.0414365,474.9218543,397.5004482,0.327984706
212,Trappfåglarna,Gråhuvad Sparv,Flerbostadshus,426,1880,9.338849763,8.779741784,128.9335798,125.2769953,138.2724296,134.0567371,0.324583168
90,Doppingarna,Krushuvad Pelikan,Kontor,425,null,40.32428639,24.68853107,93.09786665,57.61832157,133.422153,82.30685264,0.3139344777
213,Trappfåglarna,Bergand,Flerbostadshus,601,1930,7.343648917,6.585023295,147.5973378,149.0049917,154.9409867,155.590015,0.2578053023
164,Simrallarna,Fjälluggla,Kontor,840,1920,35.03166667,44.71,181.4610738,193.23702,216.4927404,237.94702,0.2577294529
233,Trappfåglarna,Rödtrast,Flerbostadshus,2335,null,16.22162741,17.01385011,584.1541756,690.7623126,600.375803,707.7761627,0.2571202582
166,Simrallarna,Svarthuvad Trut,Kontor,551,2010,32.66878403,33.16250454,103.6837515,93.5338095,136.3525355,126.696314,0.2474637668
223,Trappfåglarna,Vattenrall,Flerbostadshus,1461,1966,34.45271595,35.80563792,311.0335387,288.0355921,345.4862546,323.84123,0.2364724535
32,Trädhönsen,Kaja,Kontor,600,1922,32.35296,26.9575,101.1133333,80.335,133.4662933,107.2925,0.2224438222
36,Trädhönsen,Bändelkorsnäbb,Kontor,548,1922,40.9964313,37.35218978,73.96532847,72.34306569,114.9617598,109.6952555,0.2097842332
205,Trappfåglarna,Beigekindad Skogstrast,Flerbostadshus,1448,1957,11.31239296,10.94247928,282.3980801,261.4640884,293.7104731,272.4065677,0.2028387245
245,Trappfåglarna,Trädmås,Flerbostadshus,1935,1996,21.50651163,21.98499483,353.400896,330.4749354,374.9074076,352.4599302,0.1937505983
341,Simrallarna,Rallhäger,Flerbostadshus,578,1963,2.385975777,2.36583564,102.5829161,101.4411448,104.9688919,103.8069805,0.1816070793
305,Tranorna,Mindre Lira,Flerbostadshus,2727,1968,42.22476265,42.76677379,442.1983865,416.2312065,484.4231492,458.9979802,0.1776395853
220,Trappfåglarna,Näktergal,Flerbostadshus,1358,1930,6.240428571,6.486605302,231.4204713,220.8541973,237.6608999,227.3408027,0.1750080264
162,Tranorna,Taltrast,Kontor,1063,1968,42.22476265,42.76677379,139.7271872,0,181.9519499,42.76677379,0.1711683442
181,Kaguerna,Ökenstenskvätta,Kontor,899,null,38.31479422,39.53837597,98.64297664,95.44271413,136.9577709,134.9810901,0.1523445727
70,Fasanfåglarna,Blåmes,Kontor,647,null,49.32897682,51.54584853,47.95981453,47.78979907,97.28879135,99.3356476,0.1503690747
236,Trappfåglarna,Vitgumpsnäppa,Flerbostadshus,2528,null,24.4413212,21.54386472,310.4984177,329.0874209,334.9397389,350.6312856,0.1324919853
142,Ralltranorna,Svartnäbbad Islom,Kontor,685,1991,35.20131408,37.14805839,53.07737226,50.91386861,88.27868635,88.06192701,0.1288739947
246,Trappfåglarna,Sibirisk Lundsångare,Flerbostadshus,867,null,7.149019609,7.048327566,104.2165859,99.95822145,111.3656055,107.006549,0.128449372
234,Trappfåglarna,Fjällgås,Flerbostadshus,2521,null,22.10507735,20.88024593,300.4601349,304.5593019,322.5652122,325.4395478,0.127951294
292,Tranorna,Grönsångare,Flerbostadshus,1082,1968,42.22476265,42.76677379,91.06850809,83.11557332,133.2932707,125.8823471,0.1231915626
352,Simrallarna,Tordmule,Flerbostadshus,2387,1986,27.58776707,28.30875576,261.2609724,130.2334104,288.8487395,158.5421661,0.1210091075
294,Tranorna,Sångsparv,Flerbostadshus,1206,1968,42.22476265,42.76677379,103.4194925,100.1446526,145.6442552,142.9114264,0.1207663807
357,Albatrosserna,Gök,Flerbostadshus,1305,null,35.68726037,39.0317387,109.6628352,87.71264368,145.3500956,126.7443824,0.1113793836
369,Rallarna,Bivråk,Flerbostadshus,1011,1944,13.59643917,14.11636306,96.75568744,69.77250247,110.3521266,83.88886553,0.1091514605
353,Simrallarna,Härmsångare,Flerbostadshus,675,1911,4.238287407,2.633968889,68.99565723,77.79936599,73.23394463,80.43333488,0.1084947328
179,Rallarna,Steglits,Kontor,2211,1900,93.96575305,84.74586841,137.0149254,93.46901854,230.9806784,178.214887,0.1044688731
241,Trappfåglarna,Tornseglare,Flerbostadshus,834,null,3.871223023,3.885851319,82.20623501,87.32973621,86.07745803,91.21558753,0.1032103813
216,Trappfåglarna,Vitvingad Trut,Flerbostadshus,1181,1964,11.00680186,10.97080356,109.4216765,124.5063506,120.4284784,135.4771541,0.1019716159
267,Lommarna,Långnäbbad Mås,Flerbostadshus,1376,1964,12.38273256,10.73727471,125.2523016,111.1998547,137.6350342,121.9371294,0.1000254609
345,Simrallarna,Dvärgbeckasin,Flerbostadshus,844,1920,21.37551777,18.92905213,61.742891,0,83.11840876,18.92905213,0.09848152697
200,Trappfåglarna,Aftonfalk,Flerbostadshus,598,1991,2.935016724,2.979899666,55.09698997,55.19899666,58.03200669,58.17889632,0.09704348945
316,Tranorna,Fasan,Flerbostadshus,1505,1968,42.22476265,42.76677379,91.06850809,83.11557332,133.2932707,125.8823471,0.0885669573
244,Trappfåglarna,Fiskgjuse/Australisk Fiskgjuse,Flerbostadshus,834,null,3.705203837,3.351738609,69.89208633,67.09832134,73.59729017,70.45005995,0.08824615128
240,Trappfåglarna,Fisktärna,Flerbostadshus,834,null,3.698081536,3.715707434,69.34052758,67.06954436,73.03860911,70.7852518,0.08757626992
343,Simrallarna,Rödhake,Flerbostadshus,1232,1979,9.573892045,10.35391234,96.84370862,110.3125436,106.4176007,120.666456,0.08637792262
315,Tranorna,Pungmes,Flerbostadshus,1540,1968,42.22476265,42.76677379,89.59960455,81.22424381,131.8243672,123.9910176,0.08560023844
314,Tranorna,Tärnmås,Flerbostadshus,1570,1968,42.22476265,42.76677379,89.59960455,81.22424382,131.8243672,123.9910176,0.0839645651
230,Trappfåglarna,Nordsångare,Flerbostadshus,901,null,8.159744728,8.709278579,67.28079911,61.68479467,75.44054384,70.39407325,0.08372979339
331,Tranorna,Tajgasångare,Flerbostadshus,3298,1969,13.48747635,12.428698,258.9223772,224.6896301,272.4098535,237.1183281,0.08259850017
72,Fasanfåglarna,Klippduva,Kontor,1255,null,19.35776892,19.5752988,83.45816733,77.56175299,102.8159363,97.13705179,0.08192504881
243,Trappfåglarna,Skrattmås,Flerbostadshus,834,null,2.864448441,2.958045564,64.16067146,65.49160671,67.0251199,68.44965228,0.0803658512
361,Sydstormsvalorna,Större Strandpipare,Flerbostadshus,1448,2018,79.95856354,97.40400552,35.90188696,27.64511153,115.8604505,125.0491171,0.08001412327
335,Tranorna,Gulhämpling,Flerbostadshus,1669,1700,17.41692547,14.15310845,115.9766327,108.0041941,133.3935582,122.1573026,0.07992424097
342,Simrallarna,Bergortolan,Flerbostadshus,1675,1973,6.222201193,5.597128358,124.5457489,114.8855805,130.7679501,120.4827088,0.07807041797
320,Tranorna,Gråsparv,Flerbostadshus,1590,1966,31.47726792,30.80993585,90.54842767,78.51006289,122.0256956,109.3199987,0.0767457205
242,Trappfåglarna,Silkeshäger,Flerbostadshus,834,null,3.176356115,3.248261391,60.27577938,58.86091127,63.45213549,62.10917266,0.07608169723
366,Rallarna,Tofsbivråk,Flerbostadshus,1701,1951,8.566725456,9.098949964,111.9988242,101.6284539,120.5655497,110.7274038,0.07087921792
203,Trappfåglarna,Praktejder,Flerbostadshus,1253,1800,9.336628093,8.697306464,79.38228252,69.12290503,88.71891061,77.82021149,0.07080519602
362,Sydstormsvalorna,Dvärgrördrom,Flerbostadshus,1448,2018,79.95856354,97.40400552,21.69539525,-11.14425311,101.6539588,86.25975241,0.07020301021
238,Trappfåglarna,Kärrsångare,Flerbostadshus,1251,null,5.684252598,6.258193445,78.24140687,84.14308553,83.92565947,90.40127898,0.06708685809
239,Trappfåglarna,Turkduva,Flerbostadshus,1251,null,5.477298163,5.40871303,77.46602718,72.44204636,82.94332534,77.85075939,0.06630161898
297,Tranorna,Mindre Beckasinsnäppa,Flerbostadshus,1997,1968,42.22476265,42.76677379,90.12149533,84.82827103,132.346258,127.5950448,0.0662725378
219,Trappfåglarna,Svarthakad Sångare,Flerbostadshus,1361,1964,6.971637032,8.296565026,82.96914034,76.99485672,89.94077737,85.29142175,0.06608433312
197,Trappfåglarna,Ladusvala,Flerbostadshus,1369,1953,12.49844631,11.17481812,77.87436085,72.98027757,90.37280716,84.15509569,0.06601373788
84,Doppingarna,Härfågel,Kontor,1464,null,33.20840102,22.81416572,63.25819592,58.58130018,96.46659694,81.3954659,0.06589248425
311,Tranorna,Stäppflyghöna,Flerbostadshus,2205,1968,42.22476265,42.76677379,102.8264667,97.41189767,145.0512293,140.1786715,0.06578287044
33,Trädhönsen,Vitstrupig Näktergal,Kontor,1392,1922,16.61464803,19.96695402,74.26293103,69.39942529,90.87757906,89.36637931,0.06528561714
214,Trappfåglarna,Silltrut,Flerbostadshus,1154,1930,7.221808493,7.072246101,67.08838821,60.06152513,74.31019671,67.13377123,0.06439358467
198,Trappfåglarna,Korp,Flerbostadshus,1395,1953,10.62507814,10.47020717,79.19784946,76.30824373,89.8229276,86.7784509,0.06438919541
285,Trumpetarna,Svarttärna,Flerbostadshus,1705,2019,109.7594182,89.00758543,0,43.8876713,109.7594182,132.8952567,0.06437502533
310,Tranorna,Tundrapiplärka,Flerbostadshus,2331,1968,42.22476265,42.76677379,102.8264667,97.41189767,145.0512293,140.1786715,0.0622270396
287,Tranorna,Stripgås,Flerbostadshus,1865,1968,42.22476265,42.76677379,72.53231552,84.4,114.7570782,127.1667738,0.0615319454
312,Tranorna,Ökensångare,Flerbostadshus,2358,1968,42.22476265,42.76677379,102.8264667,97.41189767,145.0512293,140.1786715,0.06151451625
266,Lommarna,Snösiska,Flerbostadshus,1536,1964,4.90219401,5.025201823,87.86176213,87.66490502,92.76395614,92.69010685,0.06039320061
187,Kaguerna,Grönsiska,Kontor,1790,null,59.52206704,62.14988827,46.15291497,46.67822508,105.674982,108.8281134,0.0590363028
217,Trappfåglarna,Sparvuggla,Flerbostadshus,1814,1964,14.41823319,12.89906064,92.28831312,103.744763,106.7065463,116.6438236,0.05882389543
301,Tranorna,Bläsand,Flerbostadshus,2121,1968,42.22476265,42.76677379,82.24612464,81.7673732,124.4708873,124.534147,0.05868500108
196,Trappfåglarna,Stubbstjärtseglare,Flerbostadshus,1423,1953,10.98073717,11.40573928,72.05832748,69.12227688,83.03906465,80.52801616,0.05835492948
317,Tranorna,Kustsnäppa,Flerbostadshus,2287,1968,42.22476265,42.76677379,91.06850809,83.11557332,133.2932707,125.8823471,0.05828302175
368,Rallarna,Småspov,Flerbostadshus,1564,null,12.4168798,6.534773775,77.61508951,67.49360614,90.03196931,74.02837991,0.05756519777
81,Trappfåglarna,Rostgumpad Törnskata,Kontor,1543,1929,17.66240505,15.0355917,70.80168503,66.0764744,88.46409008,81.1120661,0.0573325276
28,Trädhönsen,Brun Törnskata,Kontor,1588,1922,11.37029849,13.06017884,78.5768262,70.62405542,89.94712469,83.68423426,0.05664176617
87,Doppingarna,Rosenstare,Kontor,1160,null,26.71351874,13.77740519,38,34.18965517,64.71351874,47.96706036,0.05578751615
50,Tofsvaktlana,Stäppvipa,Kontor,7348,1983,66.23466386,73.76779668,340.0585193,471.7242787,406.2931832,545.4920754,0.05529302983
338,Tranorna,Råka,Flerbostadshus,1840,1859,17.55781325,13.71925543,84.12119565,78.88858696,101.6790089,92.60784239,0.05526033093
300,Tranorna,Lundsångare,Flerbostadshus,2282,1968,42.22476265,42.76677379,82.24612464,81.7673732,124.4708873,124.534147,0.05454464825
85,Doppingarna,Ringtrast,Kontor,1609,null,34.30167155,28.00561502,53.34336197,52.96306336,87.64503352,80.96867838,0.0544717424
355,Simrallarna,Stäppsångare,Flerbostadshus,1733,1975,9.429384882,8.013762262,84.85800437,76.32719071,94.28738925,84.34095298,0.05440703361
86,Doppingarna,Gulhuvad Ängstrupial,Kontor,2265,null,47.61018905,44.84799743,71.68404572,48.68378626,119.2942348,93.53178369,0.05266853632
367,Rallarna,Grålira,Flerbostadshus,1852,1957,6.569827214,6.744868611,90.42116631,83.35853132,96.99099352,90.10339993,0.05237094683
192,Solrallarna,Bronsibis,Flerbostadshus,867,null,6.161476355,6.202998847,38.99653979,34.79008074,45.15801615,40.99307958,0.05208537041
74,Fasanfåglarna,Helig Ibis,Kontor,1994,null,46.43796389,44.63885155,56.67351454,52.29212688,103.1114784,96.93097844,0.05171087183
127,Ralltranorna,Nötkråka,Kontor,1381,null,28.34532948,19.9055076,42.80857644,14.69187088,71.15390592,34.59737848,0.05152346555
207,Trappfåglarna,Småsnäppa,Flerbostadshus,2293,1958,9.267900131,9.616558221,108.7317924,93.38072394,117.9996925,102.9972822,0.05146083408
308,Tranorna,Svarthakad Buskskvätta,Flerbostadshus,2839,1968,42.22476265,42.76677379,102.8264667,97.41189767,145.0512293,140.1786715,0.05109236679
40,Trädhönsen,Domherre,Kontor,3002,1922,27.0362425,23.84051965,126.1195869,114.1392405,153.1558294,137.9797602,0.05101793119
191,Solrallarna,Kungsörn,Flerbostadshus,867,null,5.844290657,6.296424452,38.0911188,34.79469435,43.93540946,41.0911188,0.05067521275
126,Ralltranorna,Gluttsnäppa,Kontor,975,null,20.85286154,17.61243077,28.37027379,13.27117327,49.22313533,30.88360404,0.05048526701
190,Solrallarna,Träsksångare,Flerbostadshus,867,null,6.875432526,6.755478662,36.73817762,31.64013841,43.61361015,38.39561707,0.05030404862
68,Tofsvaktlana,Göktyta,Kontor,1894,1920,19.468849,29.19324182,74.78035903,77.38965153,94.24920803,106.5828933,0.04976198945
313,Tranorna,Skedstork,Flerbostadshus,2310,1968,42.22476265,42.76677379,72.53231552,84.4,114.7570782,127.1667738,0.04967838882
302,Tranorna,Amerikansk Bläsand,Flerbostadshus,2520,1968,42.22476265,42.76677379,82.24612464,81.7673732,124.4708873,124.534147,0.04939320924
204,Trappfåglarna,Mindre Sumphöna,Flerbostadshus,2315,1904,11.92190065,10.67041037,102.3412527,93.66738661,114.2631533,104.337797,0.04935773363
46,Pärlhönsen,Bofink,Kontor,2976,1971,33.17278225,29.34154906,113.6458333,40.63844086,146.8186156,69.97998992,0.04933421223
202,Trappfåglarna,Svartvingad Vadarsvala,Flerbostadshus,1591,1936,7.837436832,8.187501571,70.34569453,68.9629164,78.18313136,77.15041798,0.04914087452
150,Ralltranorna,Karolinasumphöna,Kontor,1952,1968,44.01997951,44.10963115,51.11168033,413.986168,95.13165984,458.0957992,0.04873548147
303,Tranorna,Dvärguv,Flerbostadshus,2560,1968,42.22476265,42.76677379,82.24612464,81.7673732,124.4708873,124.534147,0.04862144035
286,Tranorna,Citronärla,Flerbostadshus,2745,1968,42.22476265,42.76677379,91.06850809,83.11557332,133.2932707,125.8823471,0.04855856858
291,Tranorna,Brun Kärrhök,Flerbostadshus,3011,1968,42.22476265,42.76677379,103.4194925,100.1446526,145.6442552,142.9114264,0.04837072573
337,Tranorna,Grågås,Flerbostadshus,2151,1983,48.26849837,47.41202232,55.27940493,51.06183171,103.5479033,98.47385402,0.04813942506
227,Trappfåglarna,Storlom,Flerbostadshus,2600,null,41.62786154,47.75967692,83.52500822,443.2224508,125.1528698,490.9821277,0.04813571914
298,Tranorna,Slaguggla,Flerbostadshus,2727,1968,42.22476265,42.76677379,88.4396773,83.24624129,130.66444,126.0130151,0.04791508616
299,Tranorna,Hämpling,Flerbostadshus,2727,1968,42.22476265,42.76677379,88.4396773,83.24624129,130.66444,126.0130151,0.04791508616
304,Tranorna,Glasögonflugsnappare,Flerbostadshus,2727,1968,42.22476265,42.76677379,88.4396773,83.24624129,130.66444,126.0130151,0.04791508616
288,Tranorna,Rörhöna,Flerbostadshus,2482,1968,42.22476265,42.76677379,72.53231552,84.4,114.7570782,127.1667738,0.04623572851
296,Tranorna,Isabellatörnskata,Flerbostadshus,2889,1968,42.37091967,42.91480693,90.43344235,85.12189606,132.804362,128.036703,0.04596897266
232,Trappfåglarna,Backsvala,Flerbostadshus,1310,1985,12.55025191,12.41736641,47.54351145,42.39007634,60.09376336,54.80744275,0.0458731018
59,Tofsvaktlana,Natthäger,Kontor,2720,1984,59.02995221,56.67636765,65.40616246,59.87263655,124.4361147,116.5490042,0.04574857157
351,Simrallarna,Sammetshätta,Flerbostadshus,2752,1977,9.500187137,9.538005087,114.5656207,113.4189485,124.0658079,122.9569536,0.04508205228
133,Ralltranorna,Asiatisk Kalanderlärka,Kontor,2007,null,22.98206278,19.11304036,66.68673532,24.53178581,89.6687981,43.64482617,0.04467802596
290,Tranorna,Berglärka,Flerbostadshus,2959,1968,42.22476265,42.76677379,89.59960455,81.22424382,131.8243672,123.9910176,0.04455030997
339,Tranorna,Stenskvätta,Flerbostadshus,1654,1991,26.54856829,22.1004474,47.0471584,41.5949214,73.59572669,63.6953688,0.04449560259
136,Ralltranorna,Storskrake,Kontor,3442,1993,33.85522943,40.77695138,116.4904126,90.3747821,150.345642,131.1517335,0.04367973329
323,Tranorna,Gulbröstad Snäppa,Flerbostadshus,4144,1963,29.23120077,34.08975796,147.3030888,125.8117761,176.5342896,159.901534,0.04259997335
248,Lommarna,Svartvingad Glada,Flerbostadshus,2669,1980,13.6929187,12.90318471,99.71119014,94.27126265,113.4041088,107.1744474,0.04248936262
88,Doppingarna,Mosnäppa,Kontor,1818,null,17.36362913,11.03707484,58.55719856,34.79327401,75.92082769,45.83034885,0.04176063129
347,Simrallarna,Sandsnäppa,Flerbostadshus,2147,2014,17.43712203,17.74264555,71.54844242,70.4357428,88.98556446,88.17838835,0.04144646691
349,Simrallarna,Grönbena,Flerbostadshus,1875,1990,10.20496053,11.23205333,66.8624868,65.42243613,77.06744733,76.65448946,0.04110263858
43,Pärlhönsen,Grön Biätare,Kontor,2677,1929,49.22455734,48.82794173,57.84460217,62.11804258,107.0691595,110.9459843,0.03999595051
293,Tranorna,Svärta/Knölsvärta,Flerbostadshus,3387,1968,42.22476265,42.76677379,91.06850809,83.11557332,133.2932707,125.8823471,0.03935437577
330,Tranorna,Ökentrumpetare,Flerbostadshus,3372,1999,47.18137604,58.93837485,84.40658363,79.91785291,131.5879597,138.8562278,0.03902371283
209,Trappfåglarna,Örnvråk,Flerbostadshus,1785,1991,10.97778768,10.39486835,58.48907563,55.56806723,69.46686331,65.96293557,0.03891701026
260,Lommarna,Rostgumpsvala,Flerbostadshus,2646,1965,15.7634127,12.24297052,87.17668179,81.72524565,102.9400945,93.96821618,0.03890404176
263,Lommarna,Ägretthäger,Flerbostadshus,2646,1965,14.83880952,13.33834089,87.56712964,88.31443689,102.4059392,101.6527778,0.03870216899
264,Lommarna,Storskarv,Flerbostadshus,2662,1965,12.87836213,13.60834711,88.75663652,89.17918861,101.6349987,102.7875357,0.03817993939
258,Lommarna,Alpseglare,Flerbostadshus,2646,1965,16.56622071,16.60095616,82.86306367,83.0430839,99.42928438,99.64404006,0.03757720498
259,Lommarna,Ökenlöpare,Flerbostadshus,2662,1965,10.71175432,9.28283997,88.56223395,82.78249437,99.27398827,92.06533434,0.03729300837
20,Storfotshönsen,Drillsnäppa,Kontor,3220,2006,30.0309,28.95591739,88.1552795,76.97826087,118.1861795,105.9341783,0.03670378245
289,Tranorna,Orientpipare,Flerbostadshus,3168,1968,42.22476265,42.76677379,72.53231552,84.4,114.7570782,127.1667738,0.03622382518
262,Lommarna,Mindre Sångsvan,Flerbostadshus,2662,1965,12.96209993,10.1890308,83.30223958,77.55972953,96.2643395,87.74876033,0.03616241153
295,Tranorna,Vitvingad Tärna,Flerbostadshus,3664,1968,42.22476265,42.76677379,90.12149533,84.82827103,132.346258,127.5950448,0.0361207036
261,Lommarna,Beringvarfågel,Flerbostadshus,2843,1965,23.16282096,18.15992965,79.23352679,74.4354555,102.3963478,92.59538516,0.03601700589
44,Pärlhönsen,Macchiasångare,Kontor,2290,1929,31.41924454,26.535,49.63318777,44.19213974,81.05243231,70.72713974,0.03539407525
344,Simrallarna,Sjöorre,Flerbostadshus,2437,1981,19.35418178,19.87499795,66.84067521,68.52290627,86.19485699,88.39790422,0.03536924784
324,Tranorna,Dvärglärka,Flerbostadshus,3671,1966,50.1936584,43.87750477,78.28711523,61.18768728,128.4807736,105.065192,0.03499884871
327,Tranorna,Tundrasparv,Flerbostadshus,3865,2017,20.17056662,15.51694696,114.4075032,114.3283312,134.5780699,129.8452781,0.03481968172
211,Trappfåglarna,Fältpiplärka,Flerbostadshus,2048,1984,21.90933301,22.06506641,48.15917969,40.08300781,70.0685127,62.14807422,0.03421314096
224,Trappfåglarna,Gräsand/Mexikansk And,Flerbostadshus,2470,2008,22.51624899,22.91768421,60.30566802,55.72874494,82.82191701,78.64642915,0.03353114049
257,Lommarna,Saxaulsångare,Flerbostadshus,2662,1965,13.1801991,13.22810293,74.74267462,71.23966942,87.92287372,84.46777235,0.03302887818
229,Trappfåglarna,Långtåsnäppa,Flerbostadshus,2894,null,0.2060988252,0.1714174153,95.20165919,16.47143807,95.40775801,16.64285548,0.03296743539
78,Trappfåglarna,Kärrsnäppa,Kontor,1988,1943,10.63184909,10.62186821,54.81740443,53.60110664,65.44925352,64.22297485,0.03292215972
42,Pärlhönsen,Tajgablåstjärt,Kontor,2877,1980,48.84948905,46.90007647,45.00173792,37.89363921,93.85122697,84.79371568,0.03262121202
71,Fasanfåglarna,Tretåig Hackspett,Kontor,2010,1929,7.482318408,6.901432836,57.34104229,60.04254229,64.8233607,66.94397512,0.03225042821
282,Lommarna,Fjällripa,Flerbostadshus,1158,2019,37.34303972,11.96873921,0,0,37.34303972,11.96873921,0.03224787541
208,Trappfåglarna,Brunand,Flerbostadshus,1876,1932,6.374432302,6.78603678,52.49093817,56.18923241,58.86537047,62.97526919,0.03137812925
139,Ralltranorna,Prutgås,Kontor,1747,1989,9.76080724,15.80121869,44.34630796,51.25702205,54.1071152,67.05824073,0.03097144545
354,Simrallarna,Skatgök,Flerbostadshus,2458,1982,18.16883645,18.75549227,57.93923802,53.60927233,76.10807447,72.3647646,0.03096341516
53,Tofsvaktlana,Kungsfågel,Kontor,3800,1984,59.69755789,42.32368421,57.27368421,54.67947368,116.9712421,97.00315789,0.03078190582
247,Lommarna,Morkulla,Flerbostadshus,3784,1980,13.66958245,13.29920719,95.50079278,97.61363636,109.1703752,110.9128436,0.028850522
38,Trädhönsen,Grågam,Kontor,5030,1922,46.38517694,53.16415109,98.23180915,86.92644135,144.6169861,140.0905924,0.02875089187
199,Trappfåglarna,Vaktel,Flerbostadshus,3074,1987,8.247270657,7.885533507,79.51398829,67.22901757,87.76125895,75.11455107,0.02854953121
143,Ralltranorna,Brandkronad Kungsfågel,Kontor,2288,1972,21.68487762,19.06988645,42.98156266,24.19352468,64.66644028,43.26341114,0.02826330432
184,Kaguerna,Nunnestenskvätta,Kontor,2140,null,20.41182243,20.23415888,39.92856963,36.79719626,60.34039205,57.03135514,0.02819644489
277,Lommarna,Sandtärna,Flerbostadshus,3354,1982,12.54809183,10.63121646,81.51341701,78.71198569,94.06150884,89.34320215,0.02804457628
274,Lommarna,Spansk Sparv,Flerbostadshus,2280,2017,10.40513158,10.41780702,52.72518288,45.11842105,63.13031446,55.53622807,0.02768873441
268,Lommarna,Större Piplärka,Flerbostadshus,2659,2017,7.98875141,6.545280181,65.55450051,58.6393381,73.54325193,65.18461828,0.0276582369
34,Trädhönsen,Brokig Kardinal,Kontor,3240,1922,10.42682037,10.44567963,78.60123457,68.87901235,89.02805494,79.32469198,0.02747779473
275,Lommarna,Skärpiplärka,Flerbostadshus,3354,1982,14.30005963,13.26529517,77.5740162,73.03816339,91.87407583,86.30345856,0.02739238993
336,Tranorna,Gräshoppsångare,Flerbostadshus,3732,1862,21.55764791,23.49330118,79.99356913,61.97749196,101.551217,85.47079314,0.02721093704
334,Tranorna,Svarthakedopping,Flerbostadshus,3665,1964,52.72677053,47.95643383,46.57489768,52.28594816,99.30166821,100.242382,0.02709458887
273,Lommarna,Pilfink,Flerbostadshus,2280,2017,6.347061404,8.187631564,54.8375002,43.72324561,61.1845616,51.91087718,0.02683533403
276,Lommarna,Storspov,Flerbostadshus,3354,1982,12.40535778,11.77528623,77.28373088,67.66696482,89.68908866,79.44225104,0.02674093281
226,Trappfåglarna,Blek Tornseglare,Flerbostadshus,4468,null,19.83194002,15.64405909,99.2287955,528.9936708,119.0607355,544.6377298,0.02664743409
270,Lommarna,Kornsparv,Flerbostadshus,2659,2016,8.876901091,8.775667544,61.97599357,53.23279428,70.85289466,62.00846183,0.02664644402
348,Simrallarna,Gulärla,Flerbostadshus,2400,1968,11.77302083,7.755733333,51.91862745,48.02495206,63.69164828,55.78068539,0.02653818679
269,Lommarna,Lappuggla,Flerbostadshus,2659,2017,9.815795412,8.521511847,60.57471481,50.66453554,70.39051022,59.18604739,0.02647254991
58,Tofsvaktlana,Mindre Skrikörn,Kontor,2843,1958,14.10556947,12.29314105,61.14667605,55.50826592,75.25224552,67.80140696,0.02646930901
73,Fasanfåglarna,Mongolfink,Kontor,5500,1958,68.75486927,66.39569455,75.95885821,51.86,144.7137275,118.2556945,0.02631158681
272,Lommarna,Rosentärna,Flerbostadshus,2659,2017,6.630913877,6.309966153,62.16807698,48.15983452,68.79899085,54.46980068,0.02587400935
76,Fasanfåglarna,Sandlöpare,Kontor,3358,null,30.24078618,33.90673913,56.03342079,58.37259708,86.27420697,92.27933621,0.02569214025
309,Tranorna,Mindre Gulbena,Flerbostadshus,4749,1968,42.22476265,42.76677379,77.66056012,72.91008633,119.8853228,115.6768601,0.02524432992
145,Ralltranorna,Gyllensparv,Kontor,3464,1959,86.25017032,85.59071594,0.8634526559,0.67147806,87.11362298,86.262194,0.02514827453
89,Doppingarna,Salskrake,Kontor,4350,null,55.46414268,51.84093326,53.86545877,49.09250351,109.3296015,100.9334368,0.02513324171
271,Lommarna,Minervauggla,Flerbostadshus,2659,2016,8.187927792,8.603422339,57.091607,47.72771719,65.2795348,56.33113953,0.02455040797
307,Tranorna,Alkekung,Flerbostadshus,5913,1968,42.22476265,42.76677379,102.3394723,80.75934381,144.564235,123.5261176,0.02444854304
29,Trädhönsen,Vitvingad Lärka,Kontor,4056,1922,22.38591272,22.19538462,76.01084813,66.98446746,98.39676085,89.17985207,0.02425955642
137,Ralltranorna,Blåhake,Kontor,3313,1986,46.3939027,43.24333303,33.79396126,31.43942669,80.18786396,74.68275972,0.02420400361
121,Ralltranorna,Tygeltärna,Kontor,3341,null,30.10083807,29.90769231,50.76324454,42.80155642,80.86408261,72.70924873,0.0242035566
350,Simrallarna,Tallsparv,Flerbostadshus,2542,1991,41.66042486,29.47128245,18.61857808,26.29389906,60.27900295,55.76518151,0.0237132191
1,Värnfåglarna,Sibirisk Tundrapipare,Kontor,2265,null,7.713907285,2.97897173,44.72759382,36.1163755,52.4415011,39.09534723,0.02315298062
167,Dunrallarna,Sibirisk Tundrapipare,Kontor,2265,null,7.713907285,2.97897173,44.72759382,36.1163755,52.4415011,39.09534723,0.02315298062
365,Rallarna,Kärrtärna,Flerbostadshus,4608,1950,7.926215278,8.224755859,98.71310764,82.36545139,106.6393229,90.59020725,0.02314221417
210,Trappfåglarna,Stäpphök,Flerbostadshus,2644,1947,5.853422844,4.482363843,54.80068079,46.19856278,60.65410363,50.68092663,0.02294028125
10,Värnfåglarna,Smutsgam,Kontor,3776,null,13.49141949,9.464618644,72.02807203,43.79764584,85.51949153,53.26226448,0.02264817043
176,Dunrallarna,Smutsgam,Kontor,3776,null,13.49141949,9.464618644,72.02807203,43.79764584,85.51949153,53.26226448,0.02264817043
5,Värnfåglarna,Fältsångare,Kontor,3839,null,15.44157281,16.39576739,70.47877051,52.04949206,85.92034332,68.44525944,0.02238091777
171,Dunrallarna,Fältsångare,Kontor,3839,null,15.44157281,16.39576739,70.47877051,52.04949206,85.92034332,68.44525944,0.02238091777
75,Fasanfåglarna,Rödvingad Vadarsvala,Kontor,2910,null,13.2942268,9.775505155,51.79896907,40.29209622,65.09319588,50.06760137,0.02236879583
31,Trädhönsen,Havstrut,Kontor,3286,1922,11.22835545,14.71243031,62.18715764,63.29793061,73.41551309,78.01036093,0.02234190903
100,Trumpetarna,Sparvhök,Kontor,2533,1981,15.89401421,14.46785472,39.44571654,31.00631662,55.33973075,45.47417134,0.02184750523
329,Tranorna,Stjärtand,Flerbostadshus,6545,2004,47.9371123,45.60825057,94.15034377,80.43666921,142.0874561,126.0449198,0.02170931338
206,Trappfåglarna,Klippsvala,Flerbostadshus,3585,1955,5.156004742,5.103803626,69.44769874,65.37238494,74.60370349,70.47618856,0.02080995913
151,Ralltranorna,Mellanspett,Kontor,2407,1975,28.9281263,28.10843373,20.94432904,15.45658496,49.87245534,43.5650187,0.0207197571
218,Trappfåglarna,Snösparv,Flerbostadshus,4299,1964,9.963314259,10.0515478,78.78041405,72.14305652,88.74372831,82.19460433,0.02064287702
4,Värnfåglarna,Alpkaja,Kontor,3312,null,5.594139493,6.550993357,61.14221014,54.70078502,66.73634964,61.25177838,0.02014986402
170,Dunrallarna,Alpkaja,Kontor,3312,null,5.594139493,6.550993357,61.14221014,54.70078502,66.73634964,61.25177838,0.02014986402
201,Trappfåglarna,Rödstrupig Sångare,Flerbostadshus,2295,1938,17.83449673,12.11869978,28.03398693,38.71851852,45.86848366,50.8372183,0.01998626739
225,Trappfåglarna,Polyglottsångare,Flerbostadshus,4140,null,14.3590256,12.17916353,67.71653498,268.8508033,82.07556059,281.0299668,0.01982501463
69,Fasanfåglarna,Vitnackad Svärta,Kontor,4382,1984,32.23371748,27.46405294,52.59900319,42.83127978,84.83272067,70.29533272,0.01935936118
3,Värnfåglarna,Storlabb,Kontor,5519,1966,22.16435007,16.75762711,84.59829679,66.72495017,106.7626469,83.48257728,0.01934456366
169,Dunrallarna,Storlabb,Kontor,5519,1966,22.16435007,16.75762711,84.59829679,66.72495017,106.7626469,83.48257728,0.01934456366
57,Tofsvaktlana,Bergsångare,Kontor,4468,1973,27.45055506,27.1951231,58.93464637,50.91092211,86.38520143,78.10604521,0.01933419907
228,Trappfåglarna,Östlig Gulärla,Flerbostadshus,4306,null,19.28311657,14.4685555,63.10097832,63.00744619,82.38409489,77.47600169,0.01913239547
80,Trappfåglarna,Entita,Kontor,4924,1962,19.67587328,21.23330626,69.82737612,73.11941511,89.50324939,94.35272136,0.01817693936
185,Kaguerna,Spetsbergsgrissla,Kontor,3860,null,37.54235751,35.36512953,32.18468886,28.20725389,69.72704637,63.57238342,0.01806400165
15,Änderna,Sånglärka,Kontor,4118,null,21.60460418,21.66745993,52.78290432,59.74016513,74.3875085,81.40762506,0.01806398944
158,Ralltranorna,Ljungpipare,Kontor,6950,null,54.53726619,46.22848921,66.31971223,55.28374101,120.8569784,101.5122302,0.0173894933
16,Änderna,Svartvit Flugsnappare,Kontor,4091,null,26.16888085,25.01476623,43.90645904,37.4396792,70.0753399,62.45444542,0.01712914688
195,Tropikfåglarna,Lärkfalk,Flerbostadshus,4341,null,28.74479383,29.35206174,44.78230822,42.12163096,73.52710205,71.4736927,0.01693782586
123,Ralltranorna,Trana,Kontor,2789,null,9.144137684,10.83004661,37.31388016,30.49838652,46.45801784,41.32843313,0.01665758976
9,Värnfåglarna,Kornknarr,Kontor,3458,null,17.10884905,16.81555813,40.24667438,31.81552058,57.35552342,48.6310787,0.01658632835
175,Dunrallarna,Kornknarr,Kontor,3458,null,17.10884905,16.81555813,40.24667438,31.81552058,57.35552342,48.6310787,0.01658632835
55,Tofsvaktlana,Spetsbergsgås,Kontor,6606,1980,47.37511353,43.81002119,61.79942477,43.74008477,109.1745383,87.55010596,0.01652657256
48,Tofsvaktlana,Ökennattskärra,Kontor,5637,1962,31.10441724,32.20936243,59.92426213,56.67897374,91.02867938,88.88833617,0.01614842636
7,Värnfåglarna,Ringnäbbad Mås,Kontor,5517,null,23.01807504,24.22266993,65.16766359,46.49447163,88.18573863,70.71714156,0.01598436444
173,Dunrallarna,Ringnäbbad Mås,Kontor,5517,null,23.01807504,24.22266993,65.16766359,46.49447163,88.18573863,70.71714156,0.01598436444
6,Värnfåglarna,Rödspov,Kontor,6400,1988,32.1236875,34.7089375,68.7641098,60.00658013,100.8877973,94.71551763,0.01576371833
172,Dunrallarna,Rödspov,Kontor,6400,1988,32.1236875,34.7089375,68.7641098,60.00658013,100.8877973,94.71551763,0.01576371833
148,Ralltranorna,Stjärtmes,Kontor,4390,1929,23.37266515,20.41162686,44.8929385,31.93849658,68.26560364,52.35012345,0.0155502514
140,Ralltranorna,Småtrapp,Kontor,4634,1991,27.61056322,26.31224741,42.58523953,36.43504532,70.19580276,62.74729273,0.01514799369
25,Storfotshönsen,Ringduva,Kontor,10400,null,57.08589581,57.49903808,97.39038462,78.99519231,154.4762804,136.4942304,0.0148534885
138,Ralltranorna,Kentsk/Cabots Tärna,Kontor,4449,1964,44.16564384,39.45650498,21.67894682,23.72510522,65.84459066,63.1816102,0.01479986304
318,Tranorna,Mindre Korsnäbb,Flerbostadshus,4080,1971,59.94901961,57.1004902,0,1.909313725,59.94901961,59.00980392,0.01469338716
306,Tranorna,Vinterhämpling,Flerbostadshus,8535,2000,53.52039789,51.47666784,71.79964851,49.57234915,125.3200464,101.049017,0.01468307515
61,Tofsvaktlana,Kolymasnäppa,Kontor,7393,null,54.23301393,53.16062654,53.57730473,42.00189368,107.8103187,95.16252022,0.01458275648
134,Ralltranorna,Större Lira,Kontor,13030,1990,96.16978131,95.99410687,90.84691849,83.13280318,187.0166998,179.1269101,0.01435277819
30,Trädhönsen,Mindre Flugsnappare,Kontor,6000,1922,24.1141245,23.768341,59.07916667,52.98666667,83.19329117,76.75500767,0.01386554853
280,Lommarna,Sillgrissla,Flerbostadshus,1388,2019,3.100951009,4.976585014,15.83069164,62.19092219,18.93164265,67.1675072,0.013639512
83,Doppingarna,Gråsiska,Kontor,7470,1888,40.7526751,41.07368352,58.41137885,52.22091583,99.16405395,93.29459935,0.01327497375
281,Lommarna,Skärsnäppa,Flerbostadshus,1388,2019,3.597471182,5.462305476,14.80835735,59.86815562,18.40582853,65.3304611,0.01326068338
161,Ralltranorna,Trädgårdsträdkrypare,Kontor,5030,1990,26.30119284,24.82875062,39.6640159,35.49860835,65.96520875,60.32735897,0.01311435562
141,Ralltranorna,Ängspiplärka,Kontor,2074,1991,5.75168756,6.533269045,21.44599807,22.22131148,27.19768563,28.75458052,0.0131136382
332,Tranorna,Spillkråka,Flerbostadshus,7734,1953,27.78186191,32.01700957,73.60796483,63.87607965,101.3898267,95.89308922,0.01310962332
64,Tofsvaktlana,Myrspov,Kontor,5670,1978,50.520194,40.87194004,22.98481023,18.83492063,73.50500423,59.70686067,0.01296384554
182,Kaguerna,Mongolpipare,Kontor,5670,null,50.520194,51.27513228,22.98481023,20.91287478,73.50500423,72.18800705,0.01296384554
91,Doppingarna,Rödvingetrast,Kontor,3500,null,2.069146176,32.12971446,42.87407328,32.82889062,44.94321946,64.95860508,0.01284091984
144,Ralltranorna,Dvärgkanadagås,Kontor,7453,1906,81.69639722,75.95138169,13.25537634,7.709647122,94.95177356,83.66102881,0.01274007427
18,Änderna,Eleonorafalk,Kontor,15777,null,152.9508779,144.2750309,41.04075553,39.01882487,193.9916334,183.2938557,0.0122958505
79,Trappfåglarna,Skäggmes,Kontor,6222,1900,47.21261556,45.65068402,28.68370299,14.3667631,75.89631855,60.01744712,0.01219805827
122,Ralltranorna,Sävsångare,Kontor,8058,null,29.21522959,28.34649293,68.66551485,60.44055597,97.88074444,88.7870489,0.01214702711
11,Värnfåglarna,Dvärgsångare,Kontor,6633,null,22.07327001,19.11569426,57.43419267,44.53032515,79.50746269,63.6460194,0.011986652
177,Dunrallarna,Dvärgsångare,Kontor,6633,null,22.07327001,19.11569426,57.43419267,44.53032515,79.50746269,63.6460194,0.011986652
110,Trumpetarna,Prärielöpare,Kontor,5087,1985,32.56396101,6.712848713,28.15667387,26.60998624,60.72063488,33.32283495,0.01193643304
326,Tranorna,Fiskmås,Flerbostadshus,10719,1963,31.86862954,31.43140218,95.4594645,92.47691016,127.328094,123.9083123,0.0118787288
186,Kaguerna,Tatarfalk,Kontor,4941,null,54.08670309,52.01113135,4.054847197,5.385549484,58.14155029,57.39668083,0.01176716258
370,Näktergalarna,Svartbent Strandpipare,Flerbostadshus,8277,1983,71.75184245,45.82022472,24.23305545,66.42599976,95.98489791,112.2462245,0.01159658063
82,Trappfåglarna,Dubbelbeckasin,Kontor,5092,1991,25.13503535,22.83880597,33.68224666,28.26001571,58.81728201,51.09882168,0.01155091948
360,Albatrosserna,Rapphöna,Flerbostadshus,7568,null,13.57798626,13.37172304,73.32135307,69.48004757,86.89933932,82.85177061,0.01148247084
124,Ralltranorna,Orre,Kontor,7291,null,27.00934577,23.7668468,55.31065697,52.37141682,82.32000275,76.13826361,0.01129063266
51,Tofsvaktlana,Starrsångare,Kontor,8510,1957,52.11389753,53.01826181,41.95264395,34.94477086,94.06654148,87.96303267,0.01105364765
189,Solrallarna,Kragtrapp,Flerbostadshus,9651,null,9.833469071,9.946258419,95.55233033,84.02268677,105.3857994,93.96894519,0.01091967666
67,Tofsvaktlana,Orientseglare,Kontor,8030,1920,9.921892901,8.682291407,75.24744707,58.56787049,85.16933997,67.25016189,0.01060639352
125,Ralltranorna,Dvärgsävsparv,Kontor,3312,null,21.78318388,19.95752204,13.28502415,0,35.06820803,19.95752204,0.01058822706
328,Tranorna,Blåtrast,Flerbostadshus,10450,1970,56.72051675,55.69860287,51.40287081,55.05933014,108.1233876,110.757933,0.01034673565
325,Tranorna,Stortrapp,Flerbostadshus,5938,1992,15.60667902,15.92270461,45.31660492,42.38110475,60.92328393,58.30380936,0.01025989962
333,Tranorna,Fjällpipare,Flerbostadshus,10100,1957,20.36259802,25.39790693,80.73267327,40.20158416,101.0952713,65.59949109,0.0100094328
215,Trappfåglarna,Forsärla,Flerbostadshus,5639,1992,22.04589466,21.8979961,34.08937755,32.47738961,56.13527221,54.37538571,0.009954827489
153,Ralltranorna,Svartmes,Kontor,6955,1929,12.32347882,14.14066156,56.88598131,51.29992811,69.20946012,65.44058967,0.009951036682
62,Tofsvaktlana,Svart Buskskvätta,Kontor,4566,1964,8.001051249,23.91009636,36.96221288,34.7282085,44.96326413,58.63830486,0.009847407824
180,Kaguerna,Varfågel,Kontor,4566,null,8.001051249,30.58583005,36.96221288,41.38063951,44.96326413,71.96646956,0.009847407824
160,Ralltranorna,Dalripa,Kontor,8000,1990,43.929875,44.74521774,32.18125,29.95,76.111125,74.69521774,0.009513890625
152,Ralltranorna,Svartlärka,Kontor,8088,1991,36.75733545,36.79990837,39.45474777,31.82863501,76.21208322,68.62854339,0.009422858954
322,Tranorna,Gulgrå Sparv,Flerbostadshus,13769,1961,53.35323408,53.5744179,74.89505411,61.407437,128.2482882,114.9818549,0.009314277593
364,Sydstormsvalorna,Gråhuvad Vipa,Flerbostadshus,5274,2017,38.00796359,24.70534699,10.48065984,8.503602579,48.48862344,33.20894956,0.009193899021
24,Storfotshönsen,Styltlöpare,Kontor,6529,null,17.91316458,24.09446508,41.85491475,31.45669683,59.76807933,55.55116191,0.009154247103
265,Lommarna,Skedand,Flerbostadshus,5258,2014,10.86432103,11.51921073,36.59613913,35.10079878,47.46046017,46.62000951,0.009026333238
154,Ralltranorna,Större Korsnäbb,Kontor,17268,2017,77.76233492,70.22961707,74.14798449,59.85081569,151.9103194,130.0804328,0.008797215625
17,Änderna,Gulbrynad Sparv,Kontor,7330,null,32.08358254,31.84486221,32.15429741,37.01759891,64.23787995,68.86246112,0.008763694399
116,Trumpetarna,Silvertärna,Kontor,9008,1976,45.99908082,30.07798409,31.44427176,27.16680708,77.44335258,57.24479117,0.008597175019
19,Storfotshönsen,Wilsonbeckasin,Kontor,10024,2008,31.13834796,24.76939346,54.74062251,49.32861133,85.87897047,74.09800479,0.008567335442
147,Ralltranorna,Brushane,Kontor,5530,1947,11.52332731,12.8636528,35.80470163,34.58951175,47.32802893,47.45316456,0.008558413912
56,Tofsvaktlana,Klippsparv,Kontor,17453,null,48.06861285,28.54602647,99.63903054,67.22626483,147.7076434,95.7722913,0.008463166412
155,Ralltranorna,Smådopping/Indonesisk Smådopping,Kontor,17453,null,48.06861285,45.11942932,99.63903054,84.63874406,147.7076434,129.7581734,0.008463166412
358,Albatrosserna,Sothöna,Flerbostadshus,13163,1985,21.45167819,22.30146623,87.94043911,84.16850262,109.3921173,106.4699689,0.008310576411
66,Tofsvaktlana,Guldtrast,Kontor,13324,1945,52.54965986,40.10572651,56.13546983,43.60027019,108.6851297,83.7059967,0.008157094693
321,Tranorna,Rostsparv,Flerbostadshus,12426,2006,42.35302849,44.38283438,56.5041043,49.35127958,98.85713279,93.73411395,0.007955668179
65,Tofsvaktlana,Alpjärnsparv,Kontor,8114,1980,36.30200887,26.42883904,27.43995428,19.77828445,63.74196315,46.20712349,0.00785580024
183,Kaguerna,Rödkindad Sparv,Kontor,8114,null,36.30200887,32.88606113,27.43995428,22.97695341,63.74196315,55.86301454,0.00785580024
60,Tofsvaktlana,Småskrake,Kontor,6950,1975,54.53726619,28.26906475,0,0,54.53726619,28.26906475,0.00784708866
97,Trumpetarna,Gärdsmyg,Kontor,6531,2006,13.7330271,12.8690859,36.96554892,32.36426275,50.69857602,45.23334864,0.00776275854
98,Trumpetarna,Skata,Kontor,8689,1999,19.0607895,19.94411325,48.1713661,42.43088963,67.2321556,62.37500288,0.007737617171
130,Ralltranorna,Strömstare,Kontor,5618,null,25.37537558,26.72082592,16.3010853,9.540381767,41.67646087,36.26120768,0.007418380362
12,Skatgässen,Ejder,Kontor,16700,1931,92.56153892,82.91164072,30.88862275,28.96407186,123.4501617,111.8757126,0.00739222525
47,Pärlhönsen,Taggstjärtseglare,Kontor,10601,2016,22.01663522,24.83521555,54.82029997,47.05593812,76.8369352,71.89115366,0.00724808369
146,Ralltranorna,Masktörnskata,Kontor,5819,1965,14.94071146,14.09333163,25.17958412,21.09984533,40.12029558,35.19317697,0.006894706235
22,Storfotshönsen,Dammsnäppa,Kontor,16636,2010,84.47316959,67.33024123,28.99561193,19.96134888,113.4687815,87.29159011,0.006820676937
63,Tofsvaktlana,Balkansångare,Kontor,8999,1987,24.80759073,15.78042422,36.35840471,29.55672853,61.16599545,45.33715274,0.006796976936
188,Kaguerna,Gulnäbbad Lira,Kontor,8999,1987,24.80759073,22.23902711,36.35840471,38.50872319,61.16599545,60.74775031,0.006796976936
27,Storfotshönsen,Skrikstrandpipare,Kontor,9300,null,11.3826883,12.80203683,51.67926882,40.29501076,63.06195712,53.09704759,0.006780855604
359,Albatrosserna,Hedpiplärka,Flerbostadshus,14373,1985,16.67950045,15.90903562,79.4246156,78.23071036,96.10411605,94.13974598,0.006686434012
283,Lommarna,Koltrast,Flerbostadshus,3176,2019,4.627376574,8.412096977,16.60642317,54.36083123,21.23379975,62.77292821,0.00668570521
21,Storfotshönsen,Knölsvan,Kontor,5335,2004,35.28649485,36.36029991,0,0,35.28649485,36.36029991,0.006614150861
35,Trädhönsen,Flodsångare,Kontor,16132,2001,29.62733449,29.78624349,76.03056038,77.39337962,105.6578949,107.1796231,0.006549584358
39,Trädhönsen,Mongolpiplärka,Kontor,7772,1922,9.214562532,8.334240865,39.45869789,32.52509007,48.67326042,40.85933093,0.006262642875
135,Ralltranorna,Smalnäbbad Simsnäppa,Kontor,9160,1991,33.04246016,26.51518579,24.319869,21.79694323,57.36232915,48.31212902,0.006262263008
2,Värnfåglarna,Bläsgås,Kontor,16114,null,45.49405486,27.05403997,53.32809979,42.34046098,98.82215465,69.39450094,0.006132689255
168,Dunrallarna,Bläsgås,Kontor,16114,null,45.49405486,27.05403997,53.32809979,42.34046098,98.82215465,69.39450094,0.006132689255
49,Tofsvaktlana,Gransångare,Kontor,13215,null,35.2713583,19.01029134,45.61628305,31.97647875,80.88764136,50.98677008,0.006120896054
95,Trumpetarna,Rödbena,Kontor,6710,2002,14.58992548,14.27463487,26.24739195,20.93591654,40.83731744,35.21055142,0.006086038366
363,Sydstormsvalorna,Sotvingad Mås,Flerbostadshus,5198,2010,20.00500192,20.16006156,11.04848018,7.445940746,31.05348211,27.60600231,0.005974121221
26,Storfotshönsen,Sidensvans,Kontor,9380,null,25.25948792,24.76069337,30.00434691,27.07067094,55.26383483,51.83136431,0.005891666827
284,Lommarna,Skiffertrut,Flerbostadshus,3176,2019,2.184099496,6.614603275,16.49653652,50.27046599,18.68063602,56.88506927,0.005881812349
118,Trumpetarna,Knipa,Kontor,17129,1917,32.80756125,69.6793552,67.28534047,24.6670115,100.0929017,94.3463667,0.005843476077
113,Trumpetarna,Svart Stork,Kontor,18012,1929,56.15200311,36.56177326,47.04197202,34.61081501,103.1939751,71.17258827,0.005729179165
111,Trumpetarna,Småtärna,Kontor,18737,1963,31.92220099,20.47215456,73.60943588,55.10492608,105.5316369,75.57708064,0.005632258999
103,Trumpetarna,Lammgam,Kontor,19816,1940,69.4094671,49.005652,41.60627776,33.89089625,111.0157449,82.89654824,0.005602328666
156,Ralltranorna,Stormsvala,Kontor,13264,null,32.356807,31.29391745,41.87424608,36.38570567,74.23105308,67.67962312,0.005596430419
149,Ralltranorna,Rödhalsad Trast,Kontor,10984,1965,19.26802622,17.74520417,42.18190095,42.02585579,61.44992717,59.77105996,0.005594494462
106,Trumpetarna,Rördrom,Kontor,11386,1995,28.67431054,14.78359386,34.37554892,28.07913227,63.04985946,42.86272613,0.005537489852
221,Trappfåglarna,Garfågel,Flerbostadshus,7524,2014,9.434343434,9.016746411,30.71105795,28.28282828,40.14540138,37.29957469,0.005335646117
249,Lommarna,Svarthalsad Dopping,Flerbostadshus,2911,1948,15.49126074,15.63552731,0,88.31982137,15.49126074,103.9553487,0.005321628559
52,Tofsvaktlana,Nötväcka,Kontor,11233,1979,26.51940532,13.88154545,30.79204131,20.08457224,57.31144663,33.96611769,0.005102060592
159,Ralltranorna,Mindre Bergand,Kontor,11233,1979,26.51940532,22.94682275,30.79204131,25.42010149,57.31144663,48.36692424,0.005102060592
14,Änderna,Vitkindad Gås,Kontor,5385,null,1.105101578,0.4718571959,25.73630455,30.66295265,26.84140613,31.13480984,0.004984476533
129,Ralltranorna,Gulsparv,Kontor,24704,null,24.04375,24.0491216,96.24467135,41.01595145,120.2884213,65.06507305,0.00486918804
319,Tranorna,Sävsparv,Flerbostadshus,17300,1973,44.15112139,41.7587237,39.32306406,38.6163577,83.47418545,80.3750814,0.004825097425
99,Trumpetarna,Bergtajgasångare,Kontor,8980,1965,16.0722755,15.54587372,26.89532294,25.96670379,42.96759844,41.51257751,0.004784810517
107,Trumpetarna,Kapverdepetrell/Desertaspetrell,Kontor,28691,2001,92.14297166,70.37049946,41.68171204,34.0691506,133.8246837,104.4396501,0.004664343651
77,Turakofåglarana,Brun Glada/Gulnäbbad Glada,Kontor,5805,2013,6.45216193,6.32838932,19.71955211,17.55090439,26.17171404,23.87929371,0.004508477871
178,Dunrallarna,Brun Glada/Gulnäbbad Glada,Kontor,5805,2013,6.45216193,6.32838932,19.71955211,17.55090439,26.17171404,23.87929371,0.004508477871
96,Trumpetarna,Havssula,Kontor,9936,2002,14.67596618,13.32101449,29.73228663,25.92592593,44.40825282,39.24694042,0.004469429631
23,Storfotshönsen,Piparsnäppa,Kontor,17909,2009,11.51524932,11.0441215,64.61890669,58.53313976,76.13415601,69.57726127,0.004251167347
128,Ralltranorna,Skärfläcka,Kontor,15165,null,9.617298911,9.635531553,51.60856386,23.47937322,61.22586277,33.11490477,0.004037313734
255,Lommarna,Videsparv,Flerbostadshus,2809,1948,11.34012104,9.900571022,0,84.33606266,11.34012104,94.23663368,0.004037066942
131,Ralltranorna,Svarthalsad Trast,Kontor,12268,null,19.83494531,16.95716808,29.26312357,13.83592521,49.09806888,30.79309329,0.00400212495
13,Skatgässen,Korttålärka,Kontor,8856,2017,11.82279669,10.4475845,22.85004517,19.2671635,34.67284186,29.714748,0.003915180878
251,Lommarna,Nötskrika,Flerbostadshus,2862,1948,10.99896226,12.43492278,0,92.77742837,10.99896226,105.2123512,0.003843103516
256,Lommarna,Talltita,Flerbostadshus,1649,1948,6.033468768,7.790758035,0,91.89266222,6.033468768,99.68342025,0.003658865232
340,Tranorna,Kaveldunsångare,Flerbostadshus,23262,1969,44.25061507,41.64660451,40.82151148,37.06194652,85.07212654,78.70855103,0.003657128645
112,Trumpetarna,Skogsduva,Kontor,14240,2006,20.73174157,21.21952247,31.12289326,24.0744382,51.85463483,45.29396067,0.003641477165
253,Lommarna,Ringand,Flerbostadshus,2893,1948,5.664821983,5.617174214,3.472519876,87.91358451,9.137341859,93.53075873,0.003158431337
45,Pärlhönsen,Halsbandsflugsnappare,Kontor,36344,1978,58.59261501,62.34418336,50.7272177,44.51161127,109.3198327,106.8557946,0.003007919676
108,Trumpetarna,Amerikansk Skogssnäppa,Kontor,22015,1977,20.04520554,20.9830988,43.81058369,39.22166705,63.85578923,60.20476584,0.002900558221
114,Trumpetarna,Turturduva,Kontor,14448,1976,41.87868439,39.18654251,0,14.31340565,41.87868439,53.49994816,0.002898580038
92,Trumpetarna,Amerikansk Rördrom,Kontor,23851,1964,52.64953251,50.06322586,14.94444677,11.3155004,67.59397929,61.37872626,0.002834010284
120,Ralltranorna,Grå Flugsnappare,Kontor,38906,null,55.85240323,53.9897476,49.27826042,45.00771089,105.1306637,98.99745849,0.002702170967
254,Lommarna,Rosenfink,Flerbostadshus,2588,1948,3.509424266,4.034814529,3.394899536,85.46213292,6.904323802,89.49694745,0.00266782218
101,Trumpetarna,Sibirisk Piplärka,Kontor,21099,2009,24.13831177,18.98711692,30.04739561,24.26696324,54.18570738,43.25408017,0.002568164718
132,Ralltranorna,Biätare,Kontor,21439,null,51.91242129,49.49812958,0,0,51.91242129,49.49812958,0.002421401245
252,Lommarna,Kungsfågelsångare,Flerbostadshus,1859,1948,1.198337816,1.615664336,3.169445939,79.68692846,4.367783755,81.30259279,0.002349534026
102,Trumpetarna,Stare,Kontor,25275,1994,41.17303451,55.57679228,16.50524233,10.94417409,57.67827685,66.52096636,0.002282028758
250,Lommarna,Brunsångare,Flerbostadshus,3100,1948,3.360170968,3.757264516,3.696451613,91.48225806,7.056622581,95.23952258,0.002276329865
105,Trumpetarna,Wilsonsimsnäppa,Kontor,19338,1983,12.51368527,11.19829086,30.5328369,22.63114076,43.04652218,33.82943162,0.002226006938
54,Tofsvaktlana,Sibirisk Gråsnäppa,Kontor,57073,1976,67.60965781,63.15101712,58.74369327,49.44632313,126.3533511,112.5973402,0.002213890125
8,Värnfåglarna,Fjällabb,Kontor,21816,null,22.69405941,26.89673634,21.0180143,23.85318115,43.71207371,50.74991749,0.002003670412
174,Dunrallarna,Fjällabb,Kontor,21816,null,22.69405941,26.89673634,21.0180143,23.85318115,43.71207371,50.74991749,0.002003670412
94,Trumpetarna,Alfågel,Kontor,17901,2002,10.56671694,9.8997151,25.00810011,20.11507737,35.57481705,30.01479247,0.001987308924
157,Ralltranorna,Östlig Kronsångare,Kontor,21586,null,41.1163884,29.74312795,1.597980172,2.26304086,42.71436857,32.00616881,0.001978799619
104,Trumpetarna,Vitstrupig Sparv,Kontor,25776,1989,25.40702048,22.46635009,21.76249224,18.55311142,47.16951273,41.01946151,0.001829977992
117,Trumpetarna,Buskskvätta,Kontor,22701,1898,17.81564336,23.3210766,22.92321924,21.75679485,40.73886261,45.07787146,0.001794584494
109,Trumpetarna,Gravand,Kontor,27362,1904,12.19955045,23.4830207,32.07331335,26.63215408,44.2728638,50.11517478,0.001618041949
119,Trumpetarna,Purpurhäger,Kontor,30106,1976,18.29944596,13.78054873,22.7712084,17.42150075,41.07065435,31.20204948,0.001364201633
93,Trumpetarna,Mindre Hackspett,Kontor,56213,1933,16.89107274,12.08842666,44.27534556,31.15124615,61.1664183,43.23967282,0.001088118732
115,Trumpetarna,Sädesärla,Kontor,31771,2019,32.20395455,31.29760788,0,21.3496446,32.20395455,52.64725249,0.00101362735
279,Lommarna,Fläckdrillsnäppa,Flerbostadshus,1388,2019,0.4524495677,5.239481268,0,58.90850144,0.4524495677,64.14798271,0.000325972311
278,Lommarna,Svarthuvad Sparv,Flerbostadshus,1388,2019,0.2737752161,4.534805476,0,58.52161383,0.2737752161,63.05641931,0.000197244392